/dev/sda1,i-4eed377a,vol-edbd8584,2013-11-06T01:17:41.000Z,attached,True
/dev/sda1,i-4ded3779,vol-f1bd8598,2013-11-06T01:17:41.000Z,attached,True
/dev/sda1,i-4bed377f,vol-dbbd85b2,2013-11-06T01:17:41.000Z,attached,True
/dev/sda1,i-4fed377b,vol-dabd85b3,2013-11-06T01:17:41.000Z,attached,True
/dev/sda1,i-56ed3762,vol-ddbd85b4,2013-11-06T01:17:41.000Z,attached,True
/dev/sda1,i-48ed377c,vol-a2bd85cb,2013-11-06T01:17:41.000Z,attached,True
/dev/sda1,i-49ed377d,vol-b6bd85df,2013-11-06T01:17:41.000Z,attached,True
/dev/sda1,i-4ced3778,vol-80bd85e9,2013-11-06T01:17:41.000Z,attached,True
/dev/sda1,i-40ed3774,vol-83bd85ea,2013-11-06T01:17:41.000Z,attached,True
/dev/sda1,i-4aed377e,vol-97bd85fe,2013-11-06T01:17:41.000Z,attached,True
