vol-edbd8584,2013-11-06T01:17:41.000Z,8,us-west-2b,snap-b73c288b,in-use
vol-f1bd8598,2013-11-06T01:17:40.000Z,8,us-west-2b,snap-b73c288b,in-use
vol-dbbd85b2,2013-11-06T01:17:41.000Z,8,us-west-2b,snap-b73c288b,in-use
vol-dabd85b3,2013-11-06T01:17:41.000Z,8,us-west-2b,snap-b73c288b,in-use
vol-ddbd85b4,2013-11-06T01:17:41.000Z,8,us-west-2b,snap-b73c288b,in-use
vol-a2bd85cb,2013-11-06T01:17:41.000Z,8,us-west-2b,snap-b73c288b,in-use
vol-b6bd85df,2013-11-06T01:17:41.000Z,8,us-west-2b,snap-b73c288b,in-use
vol-80bd85e9,2013-11-06T01:17:41.000Z,8,us-west-2b,snap-b73c288b,in-use
vol-83bd85ea,2013-11-06T01:17:41.000Z,8,us-west-2b,snap-b73c288b,in-use
vol-97bd85fe,2013-11-06T01:17:41.000Z,8,us-west-2b,snap-b73c288b,in-use
